Continent;ISO 2;ISO 3;ISO Numeric;Fips;Country Name;EN;EN;EN;ES;ES;ES
;;;;;;noun singular;adjective singular;Adjective feminine singular;Sustantivo singular;Adjetivo singular;Adjetivo femenino singular
AS;AF;AFG;4;AF;Afghanistan;Afghani nationality;Afghan;An Afghan  woman;Nacionalidad afgana;afgano;Una mujer afgana
EU;AX;ALA;248;;èland;Finn nationality;Finnish;An Finnish  woman;Nacionalidad finlandesa;finlandÇs;Una mujer finlandesa
EU;AL;ALB;8;AL;Albania;Albanian nationality;Albanian;An Albanian  woman;Nacionalidad albanesa;albanÇs;Una mujer albanesa
AF;DZ;DZA;12;AG;Algeria;Algerian Nationality;Algerian;An Algerian  woman;Nacionalidad Argelina;argelino;Una mujer argelina
OC;AS;ASM;16;AQ;American Samoa;American Samoan nationality;American Samoan;An American Samoan  woman;Nacionalidad samoa americana;Samoano americano;Una mujer de Samoa Americana
EU;AD;AND;20;AN;Andorra;Andorran nationality;Andorran;An Andorran  woman;Nacionalidad andorrana;Andorrano;Una mujer andorrana
AF;AO;AGO;24;AO;Angola;Angolan nationality;Angolan;An Angolan  woman;Nacionalidad angole§a;Angolano;Una mujer angole§a
NA;AI;AIA;660;AV;Anguilla;Anguillan nationality;Anguillan;An Anguillan  woman;Nacionalidad anguillana;Anguillan;Una mujer anguila
AN;AQ;ATA;10;AY;Antarctica;;;;;;
NA;AG;ATG;28;AC;Antigua and Barbuda;Barbudan nationality;Barbudan;An Barbudan  woman;Nacionalidad barbudana;Barbudan;Una mujer Barbuda
SA;AR;ARG;32;AR;Argentina;Argentine  nationality ;Argentine;An Argentine  woman;Nacionalidad argentina;Argentino;Una mujer argentina
AS;AM;ARM;51;AM;Armenia;Armenian nationality ;Armenian;An Armenian  woman;Nacionalidad armenia;armenio;Una mujer armenia
NA;AW;ABW;533;AA;Aruba;Aruban nationality;Aruban;An Aruban  woman;Nacionalidad arubana;Aruba;Una mujer arubana
OC;AU;AUS;36;AS;Australia;Australian nationality;Australian;An Australian  woman;Nacionalidad australiana;australiano;Una mujer australiana
EU;AT;AUT;40;AU;Austria;Austrian nationality;Austrian;An Austrian  woman;Nacionalidad austr°aca;austriaco;Una mujer austr°aca
AS;AZ;AZE;31;AJ;Azerbaijan;Azerbaijani nationality;Azerbaijani;An Azerbaijani  woman;Nacionalidad azerbaiyana;Azerbaiyano;Una mujer azerbaiyana
NA;BS;BHS;44;BF;Bahamas;Bahamian nationality;Bahamian;An Bahamian  woman;Nacionalidad bahame§a;Bahame§o;Una mujer de Bahamas
AS;BH;BHR;48;BA;Bahrain;Bahraini nationality;Bahraini;An Bahraini  woman;Nacionalidad bahrein°;Bahrein°;Una mujer bahrein°
AS;BD;BGD;50;BG;Bangladesh;Bangladeshi nationality;Bangladeshi;An Bangladeshi  woman;Nacionalidad banglades°;Banglades°;Una mujer de Bangladesh
NA;BB;BRB;52;BB;Barbados;Barbadian nationality;Barbadian;An Barbadian  woman;Nacionalidad barbadense;Barbadense;Una mujer barbadense
EU;BY;BLR;112;BO;Belarus;Belarusian nationality;Belarusian;An Belarusian  woman;Nacionalidad bielorrusa;Bielorruso;Una mujer bielorrusa
EU;BE;BEL;56;BE;Belgium;Belgian nationality;Belgian;An Belgian  woman;Nacionalidad belga;Belga;Una mujer belga
NA;BZ;BLZ;84;BH;Belize;Belizean nationality;Belizean;An Belizean  woman;Nacionalidad belice§a;Belice§o;Una mujer belice§a
AF;BJ;BEN;204;BN;Benin;Beninese nationality;Beninese;An Beninese  woman;Nacionalidad beninesa;BeninÇs;Una mujer beninesa
NA;BM;BMU;60;BD;Bermuda;Bermudian nationality;Bermudian;An Bermudian  woman;Nacionalidad bermuda;Bermude§o;Una mujer bermuda
AS;BT;BTN;64;BT;Bhutan;Bhutanese nationality;Bhutanese;An Bhutanese  woman;Nacionalidad butanesa;ButanÇs;Una mujer butanesa
SA;BO;BOL;68;BL;Bolivia;Bolivian nationality;Bolivian;An Bolivian  woman;Nacionalidad boliviana;boliviano;Una mujer boliviana
NA;BQ;BES;535;;Bonaire;Dutch nationality;;An   woman;Nacionalidad holandesa;;Una mujer
EU;BA;BIH;70;BK;Bosnia and Herzegovina;Bosnian nationality;Bosnian;An Bosnian  woman;Nacionalidad bosnia;bosnio;Una mujer bosnio
AF;BW;BWA;72;BC;Botswana;Botswanan nationality;;An   woman;Nacionalidad botsuana;;Una mujer
AN;BV;BVT;74;BV;Bouvet Island;Norwegian nationality;Norwegian;An Norwegian  woman;Nacionalidad noruega;noruego;Una mujer noruega
SA;BR;BRA;76;BR;Brazil;Brazilian nationality;Brazilian;An Brazilian  woman;Nacionalidad brasile§a;brasile§o;Una brasile§a
AS;IO;IOT;86;IO;British Indian Ocean Territory;British nationality;British;An British  woman;Nacionalidad brit†nica;brit†nico;Una mujer brit†nica
NA;VG;VGB;92;VI;British Virgin Islands;Nationality British Virgin Islander;British Virgin Islander;An British Virgin Islander  woman;Nacionalidad Islas V°rgenes Brit†nicas;Islas V°rgenes Brit†nicas;Una mujer de las Islas V°rgenes Brit†nicas
AS;BN;BRN;96;BX;Brunei;Bruneian nationality;Bruneian;An Bruneian  woman;Nacionalidad brunei;Bruneian;Una mujer de Bruneia
EU;BG;BGR;100;BU;Bulgaria;Bulgarian nationality;Bulgarian;An Bulgarian  woman;Nacionalidad b£lgara;b£lgaro;Una mujer b£lgara
AF;BF;BFA;854;UV;Burkina Faso;Burkinabe nationality;Burkinabe;An Burkinabe  woman;Nacionalidad de Burkina Faso;BurkinabÇ;Una mujer burkinabe
AF;BI;BDI;108;BY;Burundi;Burundian nationality;Burundian;An Burundian  woman;Nacionalidad burundiana;Burundiano;Una mujer burundiana
AS;KH;KHM;116;CB;Cambodia;Cambodian nationality;Cambodian;An Cambodian  woman;Nacionalidad camboyana;camboyano;Una mujer camboyana
AF;CM;CMR;120;CM;Cameroon;Cameroonian nationality;Cameroonian;An Cameroonian  woman;Nacionalidad camerunesa;CamerunÇs;Una mujer camerunense
NA;CA;CAN;124;CA;Canada;Canadian nationality;Canadian;An Canadian  woman;Nacionalidad canadiense;canadiense;Una mujer canadiense
AF;CV;CPV;132;CV;Cape Verde;Cabo Verdean nationality;Cabo Verdean;An Cabo Verdean  woman;Nacionalidad cabo-verdiana;Cabo Verde;Una mujer cabo-verdiana
NA;KY;CYM;136;CJ;Cayman Islands;Caymanian nationality;Caymanian;An Caymanian  woman;Nacionalidad caimaniana;Cayman;Una mujer de Caim†n
AF;CF;CAF;140;CT;Central African Republic;Central African nationality;Central African;An Central African  woman;Nacionalidad centroafricana;Centroafricano;Una mujer de µfrica Central
AF;TD;TCD;148;CD;Chad; Chadian nationality;Chadian;An Chadian  woman;ˇNacionalidad chadiana;Chadiano;Una mujer chadiana
SA;CL;CHL;152;CI;Chile;Chilean nationality;Chilean;An Chilean  woman;Nacionalidad chilena;chileno;Una mujer chilena
AS;CN;CHN;156;CH;China;Chinese nationality;Chinese;An Chinese  woman;Nacionalidad china;chino;Una mujer china
OC;CX;CXR;162;KT;Christmas Island;Nationality of the Christmas Island;Christmas Island;An Christmas Island  woman;Nacionalidad de la Isla de Navidad;Isla de Navidad;Una mujer de la isla de Navidad
AS;CC;CCK;166;CK;Cocos [Keeling] Islands;Nationality Cocos Islands;Cocos Islander;An Cocos Islander  woman;Nacionalidad Islas Cocos;Isla de los Cocos;Una mujer isle§a de Cocos
SA;CO;COL;170;CO;Colombia;Colombian nationality;Colombian;An Colombian  woman;Nacionalidad colombiana;colombiano;Una mujer colombiana
AF;KM;COM;174;CN;Comoros;Comoran nationality;Comoran;An Comoran  woman;Nacionalidad comorana;Comoro;Una mujer comorana
OC;CK;COK;184;CW;Cook Islands;Cook Islander nationality;Cook Islander;An Cook Islander  woman;Cook Islander nacionalidad;Cook Islander;Una mujer isle§a
NA;CR;CRI;188;CS;Costa Rica;Costa Rican nationality;Costa Rican;An Costa Rican  woman;Nacionalidad costarricense;Costa Rica;Una mujer costarricense
EU;HR;HRV;191;HR;Croatia;Croat nationality;Croatian;An Croatian  woman;Nacionalidad croata;croata;Una mujer croata
NA;CU;CUB;192;CU;Cuba;Cuban nationality;Cuban;An Cuban  woman;Nacionalidad cubana;cubano;Una mujer cubana
NA;CW;CUW;531;UC;Curacao;Curacaoan nationality;Curacaoan;An Curacaoan  woman;Nacionalidad de Curazao;Curacaoan;Una mujer Curacaoan
EU;CY;CYP;196;CY;Cyprus;Cypriot nationality;Cypriot;An Cypriot  woman;Nacionalidad chipriota;Chipriota;Una mujer chipriota
EU;CZ;CZE;203;EZ;Czechia;Czech nationality;Czech;An Czech  woman;Nacionalidad checa;checo;Una mujer checa
AF;CD;COD;180;CG;Democratic Republic of the Congo;Congolese nationality;Congolese;An Congolese  woman;Nacionalidad congole§a;Congole§o;Una mujer congole§a
EU;DK;DNK;208;DA;Denmark;Dane nationality;Danish;An Danish  woman;Nacionalidad danesa;danÇs;Una mujer danesa
AF;DJ;DJI;262;DJ;Djibouti;Djiboutian nationality;Djiboutian;An Djiboutian  woman;Nacionalidad yibutiana;Yibutiano;Una mujer Djiboutiana
NA;DM;DMA;212;DO;Dominica;Dominican nationality;Dominican;An Dominican  woman;Nacionalidad dominicana;dominicano;Una mujer dominicana
NA;DO;DOM;214;DR;Dominican Republic;Dominican nationality;Dominican;An Dominican  woman;Nacionalidad dominicana;dominicano;Una mujer dominicana
OC;TL;TLS;626;TT;East Timor;Timorese nationality;Timorese;An Timorese  woman;Nacionalidad timorense;Timorense;Una mujer timorense
SA;EC;ECU;218;EC;Ecuador;Ecuadorian nationality;Ecuadorian;An Ecuadorian  woman;Nacionalidad ecuatoriana;ecuatoriano;Una mujer ecuatoriana
AF;EG;EGY;818;EG;Egypt;Egyptian nationality;Egyptian;An Egyptian  woman;Nacionalidad egipcia;egipcio;Una mujer egipcia
NA;SV;SLV;222;ES;El Salvador;Salvadoran nationality;Salvadoran;An Salvadoran  woman;Nacionalidad salvadore§a;salvadore§o;Una salvadore§a
AF;GQ;GNQ;226;EK;Equatorial Guinea;Equatoguinean nationality;Equatoguinean;An Equatoguinean  woman;Nacionalidad ecuatoguineana;Equatoguineano;Una mujer ecuatoguineana
AF;ER;ERI;232;ER;Eritrea;Eritrean nationality ;Eritrean;An Eritrean  woman;Nacionalidad eritrea;Eritreo;Una mujer eritrea
EU;EE;EST;233;EN;Estonia;Estonian nationality;Estonian;An Estonian  woman;Nacionalidad estonia;Estonio;Una mujer estonia
AF;ET;ETH;231;ET;Ethiopia;Ethiopian nationality;Ethiopian;An Ethiopian  woman;Nacionalidad et°ope;et°ope;Una mujer et°ope
SA;FK;FLK;238;FK;Falkland Islands;;;;;;
EU;FO;FRO;234;FO;Faroe Islands;Faroese nationality;Faroese;An Faroese  woman;Nacionalidad feroesa;Faroese;Una mujer de las Islas Feroe
OC;FJ;FJI;242;FJ;Fiji;Fijian nationality;Fijian;An Fijian  woman;Nacionalidad fiji;Fijian;Una mujer de Fiji
EU;FI;FIN;246;FI;Finland;Finn nationality;Finnish;An Finnish  woman;Nacionalidad finlandesa;finlandÇs;Una mujer finlandesa
EU;FR;FRA;250;FR;France;French nationality;French;An French  woman;Nacionalidad francesa;francÇs;Una mujer francesa
SA;GF;GUF;254;FG;French Guiana;French nationality;French;An French  woman;Nacionalidad francesa;francÇs;Una mujer francesa
OC;PF;PYF;258;FP;French Polynesia;French Polynesian nationality;French Polynesian;An French Polynesian  woman;Nacionalidad polinesia francesa;Polinesio francÇs;Una mujer polinesia francesa
AN;TF;ATF;260;FS;French Southern Territories;French nationality;French;An French  woman;Nacionalidad francesa;francÇs;Una mujer francesa
AF;GA;GAB;266;GB;Gabon;Gabonese nationality;Gabonese;An Gabonese  woman;Nacionalidad gabonesa;GabonÇs;Una mujer gabonesa
AF;GM;GMB;270;GA;Gambia;Gambian nationality;Gambian;An Gambian  woman;Nacionalidad gambiana;Gambiano;Una mujer gambiana
AS;GE;GEO;268;GG;Georgia;Georgian nationality;Georgian;An Georgian  woman;Nacionalidad georgiana;georgiano;Una mujer georgiana
EU;DE;DEU;276;GM;Germany;German nationality;German;An German  woman;Nacionalidad alemana;alem†n;Una mujer alemana
AF;GH;GHA;288;GH;Ghana;Ghanaian nationality;Ghanaian;An Ghanaian  woman;Nacionalidad ganesa;ghanÇs;Una mujer ghanesa
EU;GI;GIB;292;GI;Gibraltar;Gibraltarian nationality;Gibraltar;An Gibraltar  woman;Nacionalidad gibraltare§a;Gibraltar;Una mujer de Gibraltar
EU;GR;GRC;300;GR;Greece;Greek nationality;Greek;An Greek  woman;Nacionalidad griega;griego;Una mujer griega
NA;GL;GRL;304;GL;Greenland;Greenlander nationality;Greenlandic;An Greenlandic  woman;Nacionalidad groenlandesa;GroenlandÇs;Una mujer groenlandesa
NA;GD;GRD;308;GJ;Grenada;Grenadian nationality;Grenadian;An Grenadian  woman;Nacionalidad granadina;Granadino;Una mujer granadina
NA;GP;GLP;312;GP;Guadeloupe;French nationality;French;An French  woman;Nacionalidad francesa;francÇs;Una mujer francesa
OC;GU;GUM;316;GQ;Guam;Guamanian nationality;Guamanian;An Guamanian  woman;Nacionalidad guamesa;Guamanio;Una mujer guamesa
NA;GT;GTM;320;GT;Guatemala;Guatemalan nationality;Guatemalan;An Guatemalan  woman;Nacionalidad guatemalteca;guatemalteco;Una mujer guatemalteca
EU;GG;GGY;831;GK;Guernsey;Channel Islander nationality;Channel Islander;An Channel Islander  woman;Channel Islander nacionalidad;Channel Islander;Una mujer isle§a del canal
AF;GN;GIN;324;GV;Guinea;Guinean nationality;Guinean;An Guinean  woman;Nacionalidad guineana;Guineano;Una mujer guineana
AF;GW;GNB;624;PU;Guinea-Bissau;Bissau-Guinean nationality;Bissau-Guinean;An Bissau-Guinean  woman;Nacionalidad bissauguina;Bissau-Guinean;Una mujer bissau-guineana
SA;GY;GUY;328;GY;Guyana;Guyanese nationality;Guyanese;An Guyanese  woman;Nacionalidad guyanesa;GuyanÇs;Una mujer guyanesa
NA;HT;HTI;332;HA;Haiti;Haitian nationality;Haitian;An Haitian  woman;Nacionalidad haitiana;haitiano;Una mujer haitiana
AN;HM;HMD;334;HM;Heard Island and McDonald Islands;Australian nationality;Australian;An Australian  woman;Nacionalidad australiana;australiano;Una mujer australiana
NA;HN;HND;340;HO;Honduras;Honduran nationality;Honduran;An Honduran  woman;Nacionalidad hondure§a;Hondure§o;Una mujer hondure§a
AS;HK;HKG;344;HK;Hong Kong;Chinese nationality;Chinese;An Chinese  woman;Nacionalidad china;chino;Una mujer china
EU;HU;HUN;348;HU;Hungary;Hungarian nationality;Hungarian;An Hungarian  woman;Nacionalidad h£ngara;h£ngaro;Una mujer h£ngara
EU;IS;ISL;352;IC;Iceland;Icelander nationality;Icelandic;An Icelandic  woman;Nacionalidad islandesa;islandÇs;Una mujer islandesa
AS;IN;IND;356;IN;India;Indian nationality;Indian;An Indian  woman;Nacionalidad india;indio;Una mujer india
AS;ID;IDN;360;ID;Indonesia;Indonesian nationality;Indonesian;An Indonesian  woman;Nacionalidad indonesia;indonesio;Una mujer indonesia
AS;IR;IRN;364;IR;Iran;Iranian nationality;Iranian;An Iranian  woman;Nacionalidad iran°;iran°;Una mujer iran°
AS;IQ;IRQ;368;IZ;Iraq;Iraqi nationality;Iraqi;An Iraqi  woman;Nacionalidad iraqu°;iraqu°;Una mujer iraqu°
EU;IE;IRL;372;EI;Ireland;Irish nationality;Irish;An Irish  woman;Nacionalidad irlandesa;irlandesa;Una mujer irlandesa
EU;IM;IMN;833;IM;Isle of Man;Manxwoman nationality;Manx;An Manx  woman;Nacionalidad manxista;de la isla de Man;Una mujer manx
AS;IL;ISR;376;IS;Israel;Israeli nationality;Israeli;An Israeli  woman;Nacionalidad israel°;israel°;Una mujer israel°
EU;IT;ITA;380;IT;Italy;Italian nationality;Italian;An Italian  woman;Nacionalidad italiana;italiano;Una mujer italiana
AF;CI;CIV;384;IV;Ivory Coast;Ivoirian nationality;Ivoirian;An Ivoirian  woman;Nacionalidad ivoire§a;Ivoirian;Una mujer ivoirea
NA;JM;JAM;388;JM;Jamaica;Jamaican nationality;Jamaican;An Jamaican  woman;Nacionalidad jamaicana;jamaicano;Una mujer jamaicana
AS;JP;JPN;392;JA;Japan;Japanese nationality;Japanese;An Japanese  woman;Nacionalidad japonesa;japonÇs;Una mujer japonesa
EU;JE;JEY;832;JE;Jersey;Channel Islander nationality;Channel Islander;An Channel Islander  woman;Channel Islander nacionalidad;Channel Islander;Una mujer isle§a del canal
AS;JO;JOR;400;JO;Jordan;Jordanian nationality;Jordanian;An Jordanian  woman;Nacionalidad jordana;Jordano;Una mujer jordana
AS;KZ;KAZ;398;KZ;Kazakhstan;Kazakh nationality;Kazakhstani;An Kazakhstani  woman;Nacionalidad kazaja;Kazajst†n;Una mujer Kazajst†n
AF;KE;KEN;404;KE;Kenya;Kenyan nationality;Kenyan;An Kenyan  woman;Nacionalidad keniana;Keniano;Una mujer keniana
OC;KI;KIR;296;KR;Kiribati;I-Kiribati nationality;I-Kiribati;An I-Kiribati  woman;I-Kiribati nacionalidad;I-Kiribati;Una mujer de I-Kiribati
EU;XK;XKX;0;KV;Kosovo;Kosovan nationality;Kosovan;An Kosovan  woman;Nacionalidad kosovar;Kosovan;Una mujer kosovar
AS;KW;KWT;414;KU;Kuwait;Kuwaiti nationality;Kuwaiti;An Kuwaiti  woman;Nacionalidad kuwait°;Kuwait°;Una mujer kuwait°
AS;KG;KGZ;417;KG;Kyrgyzstan;Kyrgyzstani nationality;Kyrgyzstani;An Kyrgyzstani  woman;Nacionalidad kirgu°s;Kirguizist†n;Una mujer kirgu°s
AS;LA;LAO;418;LA;Laos;Laotian nationality;Laotian;An Laotian  woman;Nacionalidad laosiana;Laosiano;Una mujer laosiana
EU;LV;LVA;428;LG;Latvia;Latvian nationality;Latvian;An Latvian  woman;Nacionalidad letona;let¢n;Una mujer letona
AS;LB;LBN;422;LE;Lebanon;Lebanese nationality;Lebanese;An Lebanese  woman;Nacionalidad libanesa;libanÇs;Una mujer libanesa
AF;LS;LSO;426;LT;Lesotho;Mosotho nationality;Basotho;An Basotho  woman;Mosotho nacionalidad;Basotho;Una mujer Basotho
AF;LR;LBR;430;LI;Liberia;Liberian nationality;Liberian;An Liberian  woman;Nacionalidad liberiana;Liberiano;Una mujer liberiana
AF;LY;LBY;434;LY;Libya;Libyan nationality;Libyan;An Libyan  woman;Nacionalidad libia;libio;Una mujer libia
EU;LI;LIE;438;LS;Liechtenstein;Liechtensteiner nationality;Liechtenstein;An Liechtenstein  woman;Nacionalidad del Liechtenstein;Liechtenstein;Una mujer de Liechtenstein
EU;LT;LTU;440;LH;Lithuania;Lithuanian nationality;Lithuanian;An Lithuanian  woman;Nacionalidad lituana;lituano;Una mujer lituana
EU;LU;LUX;442;LU;Luxembourg;Luxembourger nationality;Luxembourg;An Luxembourg  woman;Nacionalidad luxemburguesa;Luxemburgo;Una mujer luxemburguesa
AS;MO;MAC;446;MC;Macao;Chinese nationality;Chinese;An Chinese  woman;Nacionalidad china;chino;Una mujer china
EU;MK;MKD;807;MK;Macedonia;Macedonian nationality;Macedonian;An Macedonian  woman;Nacionalidad macedonia;maced¢nio;Una mujer macedonia
AF;MG;MDG;450;MA;Madagascar;Malagasy nationality;Malagasy;An Malagasy  woman;Nacionalidad malgache;madagascar°;Una mujer malgache
AF;MW;MWI;454;MI;Malawi;Malawian nationality;Malawian;An Malawian  woman;Nacionalidad malau°;Malaui;Una mujer de Malawi
AS;MY;MYS;458;MY;Malaysia;Malaysian nationality;Malaysian;An Malaysian  woman;Nacionalidad malasia;malasio;Una mujer malasia
AS;MV;MDV;462;MV;Maldives;Maldivian nationality;Maldivian;An Maldivian  woman;Nacionalidad maldiva;Maldivo;Una mujer maldiva
AF;ML;MLI;466;ML;Mali;Malian nationality;Malian;An Malian  woman;Nacionalidad maliense;Mali;Una mujer maliense
EU;MT;MLT;470;MT;Malta;Maltese nationality;Maltese;An Maltese  woman;Nacionalidad maltesa;maltÇs;Una mujer maltesa
OC;MH;MHL;584;RM;Marshall Islands;Marshallese nationality;Marshallese;An Marshallese  woman;Nacionalidad marshallense;Marshallese;Una mujer de Marshallese
NA;MQ;MTQ;474;MB;Martinique;French nationality;French;An French  woman;Nacionalidad francesa;francÇs;Una mujer francesa
AF;MR;MRT;478;MR;Mauritania;Mauritanian nationality;Mauritanian;An Mauritanian  woman;Nacionalidad mauritana;mauritano;Una mujer mauritana
AF;MU;MUS;480;MP;Mauritius;Mauritian nationality;Mauritian;An Mauritian  woman;Nacionalidad mauriciana;mauriciano;Una mujer mauriciana
AF;YT;MYT;175;MF;Mayotte;Mahoran nationality;Mahoran;An Mahoran  woman;Nacionalidad mahorana;Mahoran;Una mujer maor°
NA;MX;MEX;484;MX;Mexico;Mexican nationality;Mexican;An Mexican  woman;Nacionalidad mexicana;mexicano;Una mujer mexicana
OC;FM;FSM;583;FM;Micronesia;Micronesian nationality;Micronesian;An Micronesian  woman;Nacionalidad micronesia;Micronesia;Una mujer micronesia
EU;MD;MDA;498;MD;Moldova;Moldovan nationality;Moldovan;An Moldovan  woman;Nacionalidad moldava;Moldavo;Una mujer moldava
EU;MC;MCO;492;MN;Monaco;Monegasque nationality;Monegasque;An Monegasque  woman;Nacionalidad monegasca;monegasco;Una mujer monegasca
AS;MN;MNG;496;MG;Mongolia;Mongolian nationality;Mongolian;An Mongolian  woman;Nacionalidad mongol;mongol;Una mujer mongol
EU;ME;MNE;499;MJ;Montenegro;Montenegrin nationality;Montenegrin;An Montenegrin  woman;Nacionalidad montenegrina;montenegrino;Una mujer montenegrina
NA;MS;MSR;500;MH;Montserrat;Montserratian nationality;Montserratian;An Montserratian  woman;Nacionalidad montserratana;Montserrat;Una mujer montserratana
AF;MA;MAR;504;MO;Morocco;Moroccan nationality;Moroccan;An Moroccan  woman;Nacionalidad marroqu°;marroqu°;Una mujer marroqu°
AF;MZ;MOZ;508;MZ;Mozambique;Mozambican nationality;Mozambican;An Mozambican  woman;Nacionalidad mozambique§a;mozambique§o;Una mujer mozambique§a
AS;MM;MMR;104;BM;Myanmar [Burma];Burmese nationality;Burmese;An Burmese  woman;Nacionalidad birmana;birmano;Una mujer birmana
AF;NA;NAM;516;WA;Namibia;Namibian nationality;Namibian;An Namibian  woman;Nacionalidad namibiana;namibio;Una mujer namibiana
OC;NR;NRU;520;NR;Nauru;Nauruan nationality;Nauruan;An Nauruan  woman;Nacionalidad nauruan;Nauruan;Una mujer Nauruan
AS;NP;NPL;524;NP;Nepal;Nepali nationality;Nepali;An Nepali  woman;Nacionalidad nepal°;Nepal°;Una mujer nepal°
EU;NL;NLD;528;NL;Netherlands;Dutch nationality;Dutch;An Dutch  woman;Nacionalidad holandesa;holandÇs;Una mujer holandesa
NA;AN;ANT;530;NT;Netherlands Antilles;Dutch nationality;Dutch;An Dutch  woman;Nacionalidad holandesa;holandÇs;Una mujer holandesa
OC;NC;NCL;540;NC;New Caledonia;New Caledonian nationality;New Caledonian;An New Caledonian  woman;Nueva Caledonia;Nueva Caledonia;Una mujer de Nueva Caledonia
OC;NZ;NZL;554;NZ;New Zealand;New Zealander nationality;New Zealand;An New Zealand  woman;Nacionalidad neozelandesa;Nueva Zelanda;Una mujer de Nueva Zelanda
NA;NI;NIC;558;NU;Nicaragua;Nicaraguan nationality;Nicaraguan;An Nicaraguan  woman;Nacionalidad nicaragÅense;nicaragÅense;Una mujer nicaragÅense
AF;NE;NER;562;NG;Niger;Nigerien nationality;Nigerien;An Nigerien  woman;Nacionalidad nigeriana;Nigeriano;Una mujer nigeriana
AF;NG;NGA;566;NI;Nigeria;Nigerian nationality;Nigerian;An Nigerian  woman;Nacionalidad nigeriana;nigeriano;Una mujer nigeriana
OC;NU;NIU;570;NE;Niue;Niuean nationality;Niuean;An Niuean  woman;Nacionalidad de Niue;Niue;Una mujer de Niue
OC;NF;NFK;574;NF;Norfolk Island;Norfolk Islander nationality;Norfolk Islander;An Norfolk Islander  woman;Norfolk Islander nacionalidad;Isla Norfolk;Una mujer de las islas Norfolk
AS;KP;PRK;408;KN;North Korea;North Korean nationality;North Korean;An North Korean  woman;Nacionalidad norcoreana;Norcoreano;Una mujer norcoreana
OC;MP;MNP;580;CQ;Northern Mariana Islands;US nationality;;An   woman;Nacionalidad estadounidense;;Una mujer
EU;NO;NOR;578;NO;Norway;Norwegian nationality;Norwegian;An Norwegian  woman;Nacionalidad noruega;noruego;Una mujer noruega
AS;OM;OMN;512;MU;Oman;Omani nationality;Omani;An Omani  woman;Nacionalidad oman°;oman°;Una mujer oman°
AS;PK;PAK;586;PK;Pakistan;Pakistani nationality;Pakistani;An Pakistani  woman;Nacionalidad pakistan°;pakistan°;Una mujer paquistan°
OC;PW;PLW;585;PS;Palau;Palauan nationality;Palauan;An Palauan  woman;Nacionalidad palauana;Palauan;Una mujer palauana
AS;PS;PSE;275;WE;Palestine;Palestinian nationality;;An   woman;Nacionalidad palestina;;Una mujer
NA;PA;PAN;591;PM;Panama;Panamanian nationality;Panamanian;An Panamanian  woman;Nacionalidad paname§a;paname§o;Una mujer paname§a
OC;PG;PNG;598;PP;Papua New Guinea;Guinean nationality;Guinean;An Guinean  woman;Nacionalidad guineana;Guineano;Una mujer guineana
SA;PY;PRY;600;PA;Paraguay;Paraguayan nationality;Paraguayan;An Paraguayan  woman;Nacionalidad paraguaya;paraguayo;Una mujer paraguaya
SA;PE;PER;604;PE;Peru;Peruvian nationality;Peruvian;An Peruvian  woman;Nacionalidad peruana;peruano;Una mujer peruana
AS;PH;PHL;608;RP;Philippines;Filipino nationality;Philippine;An Philippine  woman;Nacionalidad filipina;filipino;Una mujer filipina
OC;PN;PCN;612;PC;Pitcairn Islands;Pitcairn Islander nationality;Pitcairn Islander;An Pitcairn Islander  woman;Pitcairn Islander nacionalidad;Pitcairn Islander;Una mujer Pitcairn Islander
EU;PL;POL;616;PL;Poland;Polish nationality;Polish;An Polish  woman;Nacionalidad polaca;polaco;Una mujer polaca
EU;PT;PRT;620;PO;Portugal;Portuguese nationality;Portuguese;An Portuguese  woman;Nacionalidad portuguesa;portuguÇs;Una mujer portuguesa
NA;PR;PRI;630;RQ;Puerto Rico;Puerto Rican nationality;Puerto Rican;An Puerto Rican  woman;Nacionalidad puertorrique§a;puertorrique§o;Una mujer puertorrique§a
AS;QA;QAT;634;QA;Qatar;Qatari nationality;Qatari;An Qatari  woman;Nacionalidad qatar°;Qatar;Una mujer qatar°
AF;CG;COG;178;CF;Republic of the Congo;Congolese nationality;Congolese;An Congolese  woman;Nacionalidad congole§a;Congole§o;Una mujer congole§a
AF;RE;REU;638;RE;RÇunion;French nationality;French;An French  woman;Nacionalidad francesa;francÇs;Una mujer francesa
EU;RO;ROU;642;RO;Romania;Romanian nationality;Romanian;An Romanian  woman;Nacionalidad rumana;rumano;Una mujer rumana
EU;RU;RUS;643;RS;Russia;Russian nationality;Russian;An Russian  woman;Nacionalidad rusa;ruso;Una mujer rusa
AF;RW;RWA;646;RW;Rwanda;Rwandan nationality;Rwandan;An Rwandan  woman;Nacionalidad ruandesa;RuandÇs;Una mujer ruandesa
NA;BL;BLM;652;TB;Saint BarthÇlemy;French nationality;French;An French  woman;Nacionalidad francesa;francÇs;Una mujer francesa
AF;SH;SHN;654;SH;Saint Helena;Saint Helenian nationality;Saint Helenian;An Saint Helenian  woman;Nacionalidad de Santa Helena;Saint Helenian;Una mujer de Santa Helenia
NA;KN;KNA;659;SC;Saint Kitts and Nevis;Kittitian nationality;Kittitian;An Kittitian  woman;Nacionalidad kittitiana;Kittitian;Una mujer Kittitian
NA;LC;LCA;662;ST;Saint Lucia;Saint Lucian nationality;Saint Lucian;An Saint Lucian  woman;Saint Lucian nacionalidad;Saint Lucian;Una mujer de San Luciano
NA;MF;MAF;663;RN;Saint Martin;French nationality;French;An French  woman;Nacionalidad francesa;francÇs;Una mujer francesa
NA;PM;SPM;666;SB;Saint Pierre and Miquelon;French nationality;French;An French  woman;Nacionalidad francesa;francÇs;Una mujer francesa
NA;VC;VCT;670;VC;Saint Vincent and the Grenadines;Vincentian nationality;Vincentian;An Vincentian  woman;Nacionalidad vicenciana;Vincentian;Una mujer vicenciana
OC;WS;WSM;882;WS;Samoa;Samoan nationality;Samoan;An Samoan  woman;Nacionalidad samoa;Samoano;Una mujer samoana
EU;SM;SMR;674;SM;San Marino;Sammarinese nationality;Sammarinese;An Sammarinese  woman;Nacionalidad sammarinense;Sammarinese;Una mujer de Sammarinese
AF;ST;STP;678;TP;S∆o TomÇ and Pr°ncipe;Sao Tomean nationality;Sao Tomean;An Sao Tomean  woman;Nacionalidad de Sao Tomean;Sao Tomean;Una mujer de Sao Tomean
AS;SA;SAU;682;SA;Saudi Arabia;Saudi nationality;Saudi;An Saudi  woman;Nacionalidad saudita;Arabia Saudita;Una mujer saudita
AF;SN;SEN;686;SG;Senegal;Senegalese nationality;Senegalese;An Senegalese  woman;Nacionalidad senegalesa;SenegalÇs;Una mujer senegalesa
EU;RS;SRB;688;RI;Serbia;Serb nationality;Serbian;An Serbian  woman;Nacionalidad serbia;serbio;Una mujer serbia
EU;CS;SCG;891;YI;Serbia and Montenegro;Serb nationality;Serbian;An Serbian  woman;Nacionalidad serbia;serbio;Una mujer serbia
AF;SC;SYC;690;SE;Seychelles;Seychellois nationality;Seychellois;An Seychellois  woman;Nacionalidad seychellois;Seychelles;Una mujer Seychellois
AF;SL;SLE;694;SL;Sierra Leone;Sierra Leonean nationality;Sierra Leonean;An Sierra Leonean  woman;Nacionalidad de Sierra Leona;Sierra Leona;Una mujer de Sierra Leona
AS;SG;SGP;702;SN;Singapore;Singaporean nationality;Singapore;An Singapore  woman;Nacionalidad singapurense;Singapur;Una mujer de Singapur
NA;SX;SXM;534;NN;Sint Maarten;Dutch nationality;Dutch;An Dutch  woman;Nacionalidad holandesa;holandÇs;Una mujer holandesa
EU;SK;SVK;703;LO;Slovakia;Slovak nationality;Slovak;An Slovak  woman;Nacionalidad eslovaca;eslovaco;Una mujer eslovaca
EU;SI;SVN;705;SI;Slovenia;Slovene nationality;Slovenian;An Slovenian  woman;Nacionalidad eslovena;esloveno;Una mujer eslovena
OC;SB;SLB;90;BP;Solomon Islands;Solomon Islander nationality;Solomon Islander;An Solomon Islander  woman;Solomon Islander nacionalidad;Solomon Islander;Una mujer de las Islas Salom¢n
AF;SO;SOM;706;SO;Somalia;Somali nationality;Somali;An Somali  woman;Nacionalidad somal°;somal°;Una mujer somal°
AF;ZA;ZAF;710;SF;South Africa;South African nationality;South African;An South African  woman;Nacionalidad sudafricana;sudafricano;Una mujer sudafricana
AN;GS;SGS;239;SX;South Georgia and the South Sandwich Islands;;;;;;
AS;KR;KOR;410;KS;South Korea;South Korean nationality;South Korean;An South Korean  woman;Nacionalidad surcoreana;sur coreano;Una mujer surcoreana
AF;SS;SSD;728;OD;South Sudan;South Sudanese nationality;South Sudanese;An South Sudanese  woman;Nacionalidad sudanesa;Sudaneses del sur;Una mujer sudanesa del sur
EU;ES;ESP;724;SP;Spain;Spaniard nationality;Spanish;An Spanish  woman;Nacionalidad espa§ola;Espa§ol;Una mujer espa§ola
AS;LK;LKA;144;CE;Sri Lanka;Sri Lankan nationality;Sri Lankan;An Sri Lankan  woman;Nacionalidad de Sri Lanka;de Sri Lanka;Una mujer de Sri Lanka
AF;SD;SDN;729;SU;Sudan;Sudanese nationality;Sudanese;An Sudanese  woman;Nacionalidad sudanesa;sudanÇs;Una mujer sudanesa
SA;SR;SUR;740;NS;Suriname;Surinamese nationality;Surinamese;An Surinamese  woman;Nacionalidad surinamesa;surinamÇs;Una mujer surinamesa
EU;SJ;SJM;744;SV;Svalbard and Jan Mayen;Norwegian nationality;Norwegian;An Norwegian  woman;Nacionalidad noruega;noruego;Una mujer noruega
AF;SZ;SWZ;748;WZ;Swaziland;Swazi nationality;Swazi;An Swazi  woman;Nacionalidad suazi;Swazi;Una mujer Swazi
EU;SE;SWE;752;SW;Sweden;Swede nationality;Swedish;An Swedish  woman;Nacionalidad sueca;sueco;Una mujer sueca
EU;CH;CHE;756;SZ;Switzerland;Swiss nationality;Swiss;An Swiss  woman;Nacionalidad suiza;suizo;Una mujer suiza
AS;SY;SYR;760;SY;Syria;Syrian nationality;Syrian;An Syrian  woman;Nacionalidad siria;Sirio;Una mujer siria
AS;TW;TWN;158;TW;Taiwan;Taiwanese nationality;Taiwanese;An Taiwanese  woman;Nacionalidad taiwanesa;TaiwanÇs;Una mujer taiwanesa
AS;TJ;TJK;762;TI;Tajikistan;Tajikistani nationality;Tajikistani;An Tajikistani  woman;Nacionalidad Tayikist†n;Tayikist†n;Una mujer Tayikist†n
AF;TZ;TZA;834;TZ;Tanzania;Tanzanian nationality;Tanzanian;An Tanzanian  woman;Nacionalidad tanzaniana;Tanzano;Una mujer tanzana
AS;TH;THA;764;TH;Thailand;Thai nationality;Thai;An Thai  woman;Nacionalidad tailandesa;tailandÇs;Una mujer tailandesa
AF;TG;TGO;768;TO;Togo;Togolese nationality;Togolese;An Togolese  woman;Nacionalidad togolesa;Togoles;Una mujer togolesa
OC;TK;TKL;772;TL;Tokelau;Tokelauan nationality;Tokelauan;An Tokelauan  woman;Nacionalidad de Tokelau;Tokelauan;Una mujer tokelauana
OC;TO;TON;776;TN;Tonga;Tongan nationality;Tongan;An Tongan  woman;Nacionalidad tonga;Tonga;Una mujer tongana
NA;TT;TTO;780;TD;Trinidad and Tobago;Trinidadian nationality;Trinidadian;An Trinidadian  woman;Nacionalidad trinitense;Trinidad y Tobago;Una mujer de Trinidad
AF;TN;TUN;788;TS;Tunisia;Tunisian nationality;Tunisian;An Tunisian  woman;Nacionalidad tunecina;tunecino;Una mujer tunecina
AS;TR;TUR;792;TU;Turkey;Turk nationality;Turkish;An Turkish  woman;Nacionalidad turca;turco;Una mujer turca
AS;TM;TKM;795;TX;Turkmenistan;Turkmen nationality;Turkmen;An Turkmen  woman;Nacionalidad turcomana;Turcomano;Una mujer turcomana
NA;TC;TCA;796;TK;Turks and Caicos Islands;British nationality;British;An British  woman;Nacionalidad brit†nica;brit†nico;Una mujer brit†nica
OC;TV;TUV;798;TV;Tuvalu;Tuvaluan nationality;Tuvaluan;An Tuvaluan  woman;Nacionalidad tuvaluana;Tuvaluano;Una mujer tuvaluana
OC;UM;UMI;581;;U.S. Minor Outlying Islands;US nationality;US;An US  woman;Nacionalidad estadounidense;NOS;Una mujer estadounidense
NA;VI;VIR;850;VQ;U.S. Virgin Islands;Virgin Islander nationality;Virgin Islande;An Virgin Islande  woman;Nacionalidad de las Islas V°rgenes;Virgin Islande;Una mujer de Virgin Islande
AF;UG;UGA;800;UG;Uganda;Ugandan nationality;Ugandan;An Ugandan  woman;Nacionalidad ugandesa;Ugandan;Una mujer ugandesa
EU;UA;UKR;804;UP;Ukraine;Ukrainian nationality;Ukrainian;An Ukrainian  woman;Nacionalidad ucraniana;ucranio;Una mujer ucraniana
AS;AE;ARE;784;AE;United Arab Emirates;Emirati nationality;Emirati;An Emirati  woman;Nacionalidad emirati;Emirati;Una mujer Emirati
EU;GB;GBR;826;UK;United Kingdom;British nationality;British;An British  woman;Nacionalidad brit†nica;brit†nico;Una mujer brit†nica
NA;US;USA;840;US;United States;US nationality;US;An US  woman;Nacionalidad estadounidense;NOS;Una mujer estadounidense
SA;UY;URY;858;UY;Uruguay;Uruguayan nationality;Uruguayan;An Uruguayan  woman;Nacionalidad uruguaya;uruguayo;Una mujer uruguaya
AS;UZ;UZB;860;UZ;Uzbekistan;Uzbek nationality;Uzbekistani ;An Uzbekistani   woman;Nacionalidad uzbeca;Uzbekistani;Una mujer de Uzbekistani
OC;VU;VUT;548;NH;Vanuatu;Vanuatuan nationality;Vanuatuan;An Vanuatuan  woman;Nacionalidad de Vanuatu;Vanuatu†n;Una mujer de Vanuatuan
EU;VA;VAT;336;VT;Vatican City;;;;;;
SA;VE;VEN;862;VE;Venezuela;Venezuelan nationality;Venezuelan;An Venezuelan  woman;Nacionalidad venezolana;venezolano;Una mujer venezolana
AS;VN;VNM;704;VM;Vietnam;Vietnamese nationality;Vietnamese;An Vietnamese  woman;Nacionalidad vietnamita;vietnamita;Una mujer vietnamita
OC;WF;WLF;876;WF;Wallis and Futuna;Wallisian nationality;Wallisian;An Wallisian  woman;Nacionalidad wallisiana;Wallisian;Una mujer de Wallisian
AF;EH;ESH;732;WI;Western Sahara;Sahrawi nationality;Sahrawi;An Sahrawi  woman;Nacionalidad saharaui;Sahrawi;Una mujer saharaui
AS;YE;YEM;887;YM;Yemen;Yemeni nationality;Yemeni;An Yemeni  woman;Nacionalidad yemen°;yemenita;Una mujer yemenita
AF;ZM;ZMB;894;ZA;Zambia;Zambian nationality;Zambian;An Zambian  woman;Nacionalidad de zambia;Zambiano;Una mujer zambiana
AF;ZW;ZWE;716;ZI;Zimbabwe;Zimbabwean nationality;Zimbabwean;An Zimbabwean  woman;Nacionalidad de Zimbabwe;zimbabuo;Una mujer de Zimbabwe
;;;;;;;;;;;
;;;;;;;;;;;
;;;;;;;;;;;
;;;;;;;;;;;
;;;;;;;;;;;
;;;;;;;;;;;
;;;;;;;;;;;
